-- phpMyAdmin SQL Dump
-- version 5.1.2
-- https://www.phpmyadmin.net/
--
-- Host: localhost:3308
-- Generation Time: Oct 26, 2024 at 06:59 PM
-- Server version: 5.7.24
-- PHP Version: 8.0.1

SET SQL_MODE = "NO_AUTO_VALUE_ON_ZERO";
START TRANSACTION;
SET time_zone = "+00:00";


/*!40101 SET @OLD_CHARACTER_SET_CLIENT=@@CHARACTER_SET_CLIENT */;
/*!40101 SET @OLD_CHARACTER_SET_RESULTS=@@CHARACTER_SET_RESULTS */;
/*!40101 SET @OLD_COLLATION_CONNECTION=@@COLLATION_CONNECTION */;
/*!40101 SET NAMES utf8mb4 */;

--
-- Database: `subscribuy`
--

-- --------------------------------------------------------

--
-- Table structure for table `cart`
--

CREATE TABLE `cart` (
  `id` int(11) NOT NULL,
  `c_id` varchar(11) DEFAULT NULL,
  `n_id` varchar(11) DEFAULT NULL,
  `username` varchar(255) DEFAULT NULL
) ENGINE=InnoDB DEFAULT CHARSET=utf8mb4;

--
-- Dumping data for table `cart`
--

INSERT INTO `cart` (`id`, `c_id`, `n_id`, `username`) VALUES
(10, 'C004', 'AC001', 'sanindu');

-- --------------------------------------------------------

--
-- Table structure for table `contact`
--

CREATE TABLE `contact` (
  `id` int(11) NOT NULL,
  `email` varchar(150) NOT NULL,
  `subject` varchar(100) NOT NULL,
  `message` varchar(250) NOT NULL
) ENGINE=InnoDB DEFAULT CHARSET=utf8mb4;

--
-- Dumping data for table `contact`
--

INSERT INTO `contact` (`id`, `email`, `subject`, `message`) VALUES
(1, 'ranuga@gmail.com', 'sd', 'sdsdsdsd'),
(2, 'ranuga@gmail.com', 'Moda chamodi', 'Moda chamodi'),
(3, 'ravi.singh@example.com', 'ds', 'as'),
(4, 'ranuga@gmail.com', 'test local', 'sdsds'),
(5, 'ranuga@gmail.com', 'ds', 'sdds'),
(6, 'ranuga@gmail.com', 'sdsd', 'dsdsd'),
(7, 'ranuga@gmail.com', 'test local', 'dsasd'),
(8, 'ranuga@gmail.com', 'test local', 'nnnnm'),
(9, 'ranuga@gmail.com', 'test local', 'sxsd');

-- --------------------------------------------------------

--
-- Table structure for table `customers`
--

CREATE TABLE `customers` (
  `c_id` varchar(20) NOT NULL,
  `c_name` varchar(500) NOT NULL,
  `c_email` varchar(200) NOT NULL,
  `c_tel` varchar(12) NOT NULL,
  `c_address` varchar(300) NOT NULL,
  `c_uname` varchar(100) NOT NULL,
  `c_pwd` varchar(500) NOT NULL
) ENGINE=InnoDB DEFAULT CHARSET=utf8mb4;

--
-- Dumping data for table `customers`
--

INSERT INTO `customers` (`c_id`, `c_name`, `c_email`, `c_tel`, `c_address`, `c_uname`, `c_pwd`) VALUES
('C004', 'sanindu', 'ranuga@gmail.com', '28848842', 'ssasa', 'sanindu', '$2y$10$ewduKpdkjeSHaVGc1BeN9.8LlKVjo9C.kkfemx0aSqN.22Q794HV6'),
('C005', 'Misal Sathsara', 'misal.sathsara@ecyber.com', '0775285042', 'Baddegama', 'misal', '$2y$10$EHHiZGksr3fB328SgwHzzen4P.U1jRUIlPui32/jGlwUniJ3TRvp2');

-- --------------------------------------------------------

--
-- Table structure for table `c_reviews`
--

CREATE TABLE `c_reviews` (
  `c_id` varchar(11) NOT NULL,
  `n_id` varchar(11) NOT NULL,
  `rating` int(11) DEFAULT NULL,
  `review_description` text
) ENGINE=InnoDB DEFAULT CHARSET=utf8mb4;

--
-- Dumping data for table `c_reviews`
--

INSERT INTO `c_reviews` (`c_id`, `n_id`, `rating`, `review_description`) VALUES
('c001', 'AC001', 4, 'qerewr'),
('c002', 'AC003', 3, 'qweqwe'),
('c003', 'AC001', 5, 'kaejfkje'),
('c004', 'AC001', 3, 'kajdaod'),
('c005', 'AC001', 5, 'ladnlaknc'),
('c007', 'AC001', 4, 'akjdkcjakdnfak'),
('c009', 'AC001', 2, 'hsdjhsd shbdjsd sbdshdb jbnsdj');

-- --------------------------------------------------------

--
-- Table structure for table `items`
--

CREATE TABLE `items` (
  `n_id` varchar(11) NOT NULL,
  `name` varchar(255) NOT NULL,
  `type` varchar(255) NOT NULL,
  `description` text NOT NULL,
  `price` decimal(10,2) NOT NULL,
  `image` varchar(255) NOT NULL
) ENGINE=InnoDB DEFAULT CHARSET=utf8mb4;

--
-- Dumping data for table `items`
--

INSERT INTO `items` (`n_id`, `name`, `type`, `description`, `price`, `image`) VALUES
('001', 'Healthy Food', 'beauty', 'msdkmkd', '5000.00', 'uploads/healthy food pack.jpg'),
('AC001', 'phone', 'electronic', 'iwuediu', '120000.00', 'uploads/gauge-temperature-icon-free-vector.jpg'),
('AC003', 'phone', 'electronic', 'iwuediu', '120000.00', 'uploads/gauge-temperature-icon-free-vector.jpg'),
('AC004', 'item 2', 'electronic', 'hello', '12000.00', 'uploads/wallpaperflare.com_wallpaper.jpg'),
('AC005', 'item 2', 'electronic', 'hello', '12000.00', 'uploads/PXL_20240930_055809146.jpg'),
('AC007', 'item 2', 'electronic', 'hello', '12000.00', 'uploads/PXL_20240930_055809146.jpg');

-- --------------------------------------------------------

--
-- Table structure for table `wishlist`
--

CREATE TABLE `wishlist` (
  `id` int(11) NOT NULL,
  `c_id` varchar(11) DEFAULT NULL,
  `n_id` varchar(11) DEFAULT NULL,
  `username` varchar(255) DEFAULT NULL
) ENGINE=InnoDB DEFAULT CHARSET=utf8mb4;

--
-- Dumping data for table `wishlist`
--

INSERT INTO `wishlist` (`id`, `c_id`, `n_id`, `username`) VALUES
(1, '', '', NULL),
(2, '', '001', NULL),
(3, NULL, 'AC001', 'sanindu'),
(4, 'C004', 'AC001', 'sanindu');

--
-- Indexes for dumped tables
--

--
-- Indexes for table `cart`
--
ALTER TABLE `cart`
  ADD PRIMARY KEY (`id`);

--
-- Indexes for table `contact`
--
ALTER TABLE `contact`
  ADD PRIMARY KEY (`id`);

--
-- Indexes for table `customers`
--
ALTER TABLE `customers`
  ADD PRIMARY KEY (`c_id`);

--
-- Indexes for table `c_reviews`
--
ALTER TABLE `c_reviews`
  ADD PRIMARY KEY (`c_id`,`n_id`);

--
-- Indexes for table `items`
--
ALTER TABLE `items`
  ADD PRIMARY KEY (`n_id`);

--
-- Indexes for table `wishlist`
--
ALTER TABLE `wishlist`
  ADD PRIMARY KEY (`id`);

--
-- AUTO_INCREMENT for dumped tables
--

--
-- AUTO_INCREMENT for table `cart`
--
ALTER TABLE `cart`
  MODIFY `id` int(11) NOT NULL AUTO_INCREMENT, AUTO_INCREMENT=11;

--
-- AUTO_INCREMENT for table `contact`
--
ALTER TABLE `contact`
  MODIFY `id` int(11) NOT NULL AUTO_INCREMENT, AUTO_INCREMENT=10;

--
-- AUTO_INCREMENT for table `wishlist`
--
ALTER TABLE `wishlist`
  MODIFY `id` int(11) NOT NULL AUTO_INCREMENT, AUTO_INCREMENT=5;
COMMIT;

/*!40101 SET CHARACTER_SET_CLIENT=@OLD_CHARACTER_SET_CLIENT */;
/*!40101 SET CHARACTER_SET_RESULTS=@OLD_CHARACTER_SET_RESULTS */;
/*!40101 SET COLLATION_CONNECTION=@OLD_COLLATION_CONNECTION */;
